[{"model": "contenttypes.contenttype", "pk": 1, "fields": {"app_label": "admin", "model": "logentry"}}, {"model": "contenttypes.contenttype", "pk": 2, "fields": {"app_label": "auth", "model": "group"}}, {"model": "contenttypes.contenttype", "pk": 3, "fields": {"app_label": "auth", "model": "permission"}}, {"model": "contenttypes.contenttype", "pk": 4, "fields": {"app_label": "auth", "model": "user"}}, {"model": "contenttypes.contenttype", "pk": 5, "fields": {"app_label": "contenttypes", "model": "contenttype"}}, {"model": "contenttypes.contenttype", "pk": 6, "fields": {"app_label": "sessions", "model": "session"}}, {"model": "contenttypes.contenttype", "pk": 7, "fields": {"app_label": "genius", "model": "profile"}}, {"model": "contenttypes.contenttype", "pk": 8, "fields": {"app_label": "genius", "model": "question"}}, {"model": "contenttypes.contenttype", "pk": 9, "fields": {"app_label": "genius", "model": "addsubstractionscore"}}, {"model": "contenttypes.contenttype", "pk": 10, "fields": {"app_label": "genius", "model": "mathgame"}}, {"model": "contenttypes.contenttype", "pk": 11, "fields": {"app_label": "genius", "model": "book"}}, {"model": "contenttypes.contenttype", "pk": 12, "fields": {"app_label": "genius", "model": "imagematchingscore"}}, {"model": "contenttypes.contenttype", "pk": 13, "fields": {"app_label": "genius", "model": "image"}}, {"model": "contenttypes.contenttype", "pk": 14, "fields": {"app_label": "genius", "model": "wordsnakegame"}}, {"model": "contenttypes.contenttype", "pk": 15, "fields": {"app_label": "genius", "model": "wordcompletereview"}}, {"model": "contenttypes.contenttype", "pk": 16, "fields": {"app_label": "youtube_api", "model": "video"}}, {"model": "sessions.session", "pk": "1mfq95ajxvxcbr18hq4lj64vn4fch28j", "fields": {"session_data": "ZTNlZTliOGMwNjVhNjAzNDZkMWUwZjRmMzgzZmJhMTg0Mjg2NDRmNDp7Il9hdXRoX3VzZXJfaGFzaCI6ImE3M2U5MjZhY2U1ZmJlNWU4OTI2ZDBmZTBkMTgwMGFjNWVlZDk1YzQiLCJfYXV0aF91c2VyX2JhY2tlbmQiOiJkamFuZ28uY29udHJpYi5hdXRoLmJhY2tlbmRzLk1vZGVsQmFja2VuZCIsIl9hdXRoX3VzZXJfaWQiOiIxIn0=", "expire_date": "2017-12-04T00:17:16.704Z"}}, {"model": "sessions.session", "pk": "ml5lu4vehu5bkgv8ok9pp25ekdptu30s", "fields": {"session_data": "ZTNlZTliOGMwNjVhNjAzNDZkMWUwZjRmMzgzZmJhMTg0Mjg2NDRmNDp7Il9hdXRoX3VzZXJfaGFzaCI6ImE3M2U5MjZhY2U1ZmJlNWU4OTI2ZDBmZTBkMTgwMGFjNWVlZDk1YzQiLCJfYXV0aF91c2VyX2JhY2tlbmQiOiJkamFuZ28uY29udHJpYi5hdXRoLmJhY2tlbmRzLk1vZGVsQmFja2VuZCIsIl9hdXRoX3VzZXJfaWQiOiIxIn0=", "expire_date": "2017-12-04T03:27:47.541Z"}}, {"model": "genius.question", "pk": 1, "fields": {"difficulty": "Medium", "number1": 3, "operation": "+", "number2": 1, "choiceA": 2, "choiceB": 3, "choiceC": 4, "choiceD": 5, "answer": "C"}}, {"model": "genius.question", "pk": 2, "fields": {"difficulty": "Medium", "number1": 6, "operation": "-", "number2": 3, "choiceA": 2, "choiceB": 3, "choiceC": 4, "choiceD": 5, "answer": "B"}}, {"model": "genius.question", "pk": 3, "fields": {"difficulty": "Medium", "number1": 2, "operation": "+", "number2": 4, "choiceA": 6, "choiceB": 7, "choiceC": 4, "choiceD": 5, "answer": "A"}}, {"model": "genius.question", "pk": 4, "fields": {"difficulty": "Medium", "number1": 4, "operation": "-", "number2": 2, "choiceA": 1, "choiceB": 3, "choiceC": 4, "choiceD": 2, "answer": "D"}}, {"model": "genius.question", "pk": 5, "fields": {"difficulty": "Medium", "number1": 1, "operation": "+", "number2": 2, "choiceA": 2, "choiceB": 3, "choiceC": 4, "choiceD": 5, "answer": "B"}}, {"model": "genius.question", "pk": 6, "fields": {"difficulty": "Medium", "number1": 5, "operation": "-", "number2": 3, "choiceA": 2, "choiceB": 3, "choiceC": 1, "choiceD": 4, "answer": "A"}}, {"model": "genius.question", "pk": 7, "fields": {"difficulty": "Medium", "number1": 3, "operation": "+", "number2": 4, "choiceA": 6, "choiceB": 7, "choiceC": 4, "choiceD": 5, "answer": "B"}}, {"model": "genius.question", "pk": 8, "fields": {"difficulty": "Medium", "number1": 6, "operation": "-", "number2": 2, "choiceA": 1, "choiceB": 3, "choiceC": 2, "choiceD": 4, "answer": "D"}}, {"model": "genius.question", "pk": 9, "fields": {"difficulty": "Medium", "number1": 3, "operation": "+", "number2": 3, "choiceA": 2, "choiceB": 4, "choiceC": 6, "choiceD": 5, "answer": "C"}}, {"model": "genius.question", "pk": 10, "fields": {"difficulty": "Medium", "number1": 3, "operation": "-", "number2": 1, "choiceA": 2, "choiceB": 3, "choiceC": 4, "choiceD": 5, "answer": "A"}}, {"model": "genius.question", "pk": 11, "fields": {"difficulty": "Medium", "number1": 2, "operation": "+", "number2": 3, "choiceA": 6, "choiceB": 7, "choiceC": 4, "choiceD": 5, "answer": "D"}}, {"model": "genius.question", "pk": 12, "fields": {"difficulty": "Medium", "number1": 6, "operation": "-", "number2": 4, "choiceA": 1, "choiceB": 3, "choiceC": 4, "choiceD": 2, "answer": "D"}}, {"model": "genius.question", "pk": 13, "fields": {"difficulty": "Medium", "number1": 4, "operation": "+", "number2": 1, "choiceA": 2, "choiceB": 3, "choiceC": 4, "choiceD": 5, "answer": "D"}}, {"model": "genius.question", "pk": 14, "fields": {"difficulty": "Medium", "number1": 2, "operation": "-", "number2": 1, "choiceA": 2, "choiceB": 3, "choiceC": 1, "choiceD": 4, "answer": "C"}}, {"model": "genius.question", "pk": 15, "fields": {"difficulty": "Medium", "number1": 3, "operation": "+", "number2": 2, "choiceA": 6, "choiceB": 7, "choiceC": 4, "choiceD": 5, "answer": "D"}}, {"model": "genius.question", "pk": 16, "fields": {"difficulty": "Medium", "number1": 5, "operation": "-", "number2": 1, "choiceA": 1, "choiceB": 3, "choiceC": 2, "choiceD": 4, "answer": "D"}}, {"model": "genius.question", "pk": 17, "fields": {"difficulty": "Hard", "number1": 3, "operation": "+", "number2": 2, "choiceA": 3, "choiceB": 4, "choiceC": 5, "choiceD": 6, "answer": "C"}}, {"model": "genius.question", "pk": 18, "fields": {"difficulty": "Hard", "number1": 6, "operation": "-", "number2": 3, "choiceA": 2, "choiceB": 3, "choiceC": 4, "choiceD": 5, "answer": "B"}}, {"model": "genius.question", "pk": 19, "fields": {"difficulty": "Hard", "number1": 3, "operation": "+", "number2": 4, "choiceA": 6, "choiceB": 7, "choiceC": 4, "choiceD": 5, "answer": "B"}}, {"model": "genius.question", "pk": 20, "fields": {"difficulty": "Hard", "number1": 4, "operation": "-", "number2": 6, "choiceA": -1, "choiceB": 1, "choiceC": 2, "choiceD": -2, "answer": "D"}}, {"model": "genius.question", "pk": 21, "fields": {"difficulty": "Hard", "number1": 5, "operation": "+", "number2": 2, "choiceA": 7, "choiceB": 3, "choiceC": 4, "choiceD": 6, "answer": "A"}}, {"model": "genius.question", "pk": 22, "fields": {"difficulty": "Hard", "number1": 7, "operation": "-", "number2": 3, "choiceA": 2, "choiceB": 3, "choiceC": 1, "choiceD": 4, "answer": "D"}}, {"model": "genius.question", "pk": 23, "fields": {"difficulty": "Hard", "number1": 3, "operation": "+", "number2": 5, "choiceA": 8, "choiceB": 7, "choiceC": 4, "choiceD": 5, "answer": "A"}}, {"model": "genius.question", "pk": 24, "fields": {"difficulty": "Hard", "number1": 6, "operation": "-", "number2": 2, "choiceA": 1, "choiceB": 3, "choiceC": 2, "choiceD": 4, "answer": "D"}}, {"model": "genius.question", "pk": 25, "fields": {"difficulty": "Hard", "number1": 5, "operation": "+", "number2": 1, "choiceA": 2, "choiceB": 4, "choiceC": 6, "choiceD": 5, "answer": "C"}}, {"model": "genius.question", "pk": 26, "fields": {"difficulty": "Hard", "number1": 3, "operation": "-", "number2": 4, "choiceA": -1, "choiceB": -2, "choiceC": 1, "choiceD": 2, "answer": "A"}}, {"model": "genius.question", "pk": 27, "fields": {"difficulty": "Hard", "number1": 2, "operation": "+", "number2": 4, "choiceA": 6, "choiceB": 7, "choiceC": 4, "choiceD": 5, "answer": "A"}}, {"model": "genius.question", "pk": 28, "fields": {"difficulty": "Hard", "number1": 6, "operation": "-", "number2": 4, "choiceA": 1, "choiceB": 3, "choiceC": 4, "choiceD": 2, "answer": "D"}}, {"model": "genius.question", "pk": 29, "fields": {"difficulty": "Hard", "number1": 4, "operation": "+", "number2": 4, "choiceA": 7, "choiceB": 8, "choiceC": 6, "choiceD": 5, "answer": "B"}}, {"model": "genius.question", "pk": 30, "fields": {"difficulty": "Hard", "number1": 2, "operation": "-", "number2": 5, "choiceA": -2, "choiceB": -3, "choiceC": -1, "choiceD": -4, "answer": "B"}}, {"model": "genius.question", "pk": 31, "fields": {"difficulty": "Hard", "number1": 1, "operation": "+", "number2": 7, "choiceA": 6, "choiceB": 7, "choiceC": 8, "choiceD": 5, "answer": "C"}}, {"model": "genius.question", "pk": 32, "fields": {"difficulty": "Hard", "number1": 5, "operation": "-", "number2": 8, "choiceA": -1, "choiceB": -3, "choiceC": -2, "choiceD": -4, "answer": "B"}}, {"model": "genius.question", "pk": 33, "fields": {"difficulty": "Easy", "number1": 1, "operation": "+", "number2": 2, "choiceA": 3, "choiceB": 4, "choiceC": 5, "choiceD": 6, "answer": "A"}}, {"model": "genius.question", "pk": 34, "fields": {"difficulty": "Easy", "number1": 4, "operation": "-", "number2": 3, "choiceA": 2, "choiceB": 3, "choiceC": 4, "choiceD": 1, "answer": "D"}}, {"model": "genius.question", "pk": 35, "fields": {"difficulty": "Easy", "number1": 3, "operation": "+", "number2": 1, "choiceA": 6, "choiceB": 7, "choiceC": 4, "choiceD": 5, "answer": "C"}}, {"model": "genius.question", "pk": 36, "fields": {"difficulty": "Easy", "number1": 4, "operation": "-", "number2": 2, "choiceA": 1, "choiceB": 0, "choiceC": 2, "choiceD": 3, "answer": "C"}}, {"model": "genius.question", "pk": 37, "fields": {"difficulty": "Easy", "number1": 2, "operation": "+", "number2": 2, "choiceA": 7, "choiceB": 3, "choiceC": 4, "choiceD": 6, "answer": "C"}}, {"model": "genius.question", "pk": 38, "fields": {"difficulty": "Easy", "number1": 5, "operation": "-", "number2": 1, "choiceA": 2, "choiceB": 3, "choiceC": 1, "choiceD": 4, "answer": "D"}}, {"model": "genius.question", "pk": 39, "fields": {"difficulty": "Easy", "number1": 3, "operation": "+", "number2": 2, "choiceA": 8, "choiceB": 7, "choiceC": 4, "choiceD": 5, "answer": "D"}}, {"model": "genius.question", "pk": 40, "fields": {"difficulty": "Easy", "number1": 2, "operation": "-", "number2": 2, "choiceA": 1, "choiceB": 0, "choiceC": 2, "choiceD": 4, "answer": "B"}}, {"model": "genius.question", "pk": 41, "fields": {"difficulty": "Easy", "number1": 4, "operation": "+", "number2": 1, "choiceA": 2, "choiceB": 4, "choiceC": 6, "choiceD": 5, "answer": "D"}}, {"model": "genius.question", "pk": 42, "fields": {"difficulty": "Easy", "number1": 3, "operation": "-", "number2": 2, "choiceA": 1, "choiceB": 0, "choiceC": 3, "choiceD": 2, "answer": "A"}}, {"model": "genius.question", "pk": 43, "fields": {"difficulty": "Easy", "number1": 2, "operation": "+", "number2": 1, "choiceA": 3, "choiceB": 2, "choiceC": 4, "choiceD": 5, "answer": "A"}}, {"model": "genius.question", "pk": 44, "fields": {"difficulty": "Easy", "number1": 5, "operation": "-", "number2": 4, "choiceA": 1, "choiceB": 3, "choiceC": 4, "choiceD": 2, "answer": "A"}}, {"model": "genius.question", "pk": 45, "fields": {"difficulty": "Easy", "number1": 5, "operation": "-", "number2": 3, "choiceA": 2, "choiceB": 3, "choiceC": 4, "choiceD": 5, "answer": "A"}}, {"model": "genius.question", "pk": 46, "fields": {"difficulty": "Easy", "number1": 2, "operation": "-", "number2": 1, "choiceA": 3, "choiceB": 2, "choiceC": 1, "choiceD": 4, "answer": "C"}}, {"model": "genius.question", "pk": 47, "fields": {"difficulty": "Easy", "number1": 1, "operation": "+", "number2": 4, "choiceA": 6, "choiceB": 7, "choiceC": 8, "choiceD": 5, "answer": "D"}}, {"model": "genius.question", "pk": 48, "fields": {"difficulty": "Easy", "number1": 4, "operation": "-", "number2": 1, "choiceA": 1, "choiceB": 3, "choiceC": 2, "choiceD": 4, "answer": "B"}}, {"model": "genius.book", "pk": 1, "fields": {"title": "The Magic Powder \u2013 A Folktale From Myanmar", "description": "In The Magic Powder, a delightful folktale from Myanmar with a very important lesson, a young man studying alchemy finds out how to turn earth into gold by following the advice of his wise father in law. Another great free story from Pratham and Storyweaver.", "cover": "cover-photos/Book3_6ElLVBe.png", "level": 3, "author": "Greystroke Illustrator: P.G. Dinesh", "document": "documents/705-the-magic-powder_9EWJwk1.pdf", "uploaded_at": "2017-11-20T03:37:05.580Z", "category": "Story"}}, {"model": "genius.book", "pk": 2, "fields": {"title": "The Three Doof-Doofs \u2013 A Bed Time Story", "description": "The Three Doof-Doofs tells a delightful tale of Sally, Solly, and Silly, three cute little creatures that are responsible for the Doof-Doof sounds you might hear when tucked up in bed. A perfect bedtime story to entertain and alleviate worries about thumps in the dark. Another great free children\u2019s story from Bookdash.", "cover": "cover-photos/BooJk1_xv2EKMw.png", "level": 2, "author": "Claudi Potter, Stephen Wallace, Wynand Botha", "document": "documents/the-three-doof-doofs_english_20170320-bedtime-story_VqOi8bl.pdf", "uploaded_at": "2017-11-20T03:38:58.399Z", "category": "Education"}}, {"model": "genius.book", "pk": 3, "fields": {"title": "Cube Cat, Cone Cat \u2013 Early Reader", "description": "Cube Cat, Cone Cat has a fun introduction of many different geometric shapes in this short beautifully illustrated storybook for young children. Lots of repetition makes it great for an early reader. Another great free children\u2019s storybook from Pratham and Storyweaver.", "cover": "cover-photos/Screen_Shot_2017-11-05_at_8.47.53_PM_Q08PHGo.png", "level": 2, "author": "Praba Ram, Sheela Preuitt", "document": "documents/12218-cube-cat-cone-cat_CO4in7r.pdf", "uploaded_at": "2017-11-20T03:40:28.575Z", "category": "Story"}}, {"model": "genius.book", "pk": 4, "fields": {"title": "Mango Lick! \u2013 Wordless Book for Young Children", "description": "Mango Lick! A wordless book, provides 6 colourful illustrations of the main character, a mango, on a journey with a not so nice surprise ending. The book also provides guidance on how to use wordless books with young children. This book would make a great prompt for creative writing exercises in early grades for school or home school use. Another great children\u2019s book brought to us by Pratham and Storyweaver.", "cover": "cover-photos/Book2_MiFicho.png", "level": 1, "author": "Sonal Goyal, Sumit Sakhuja", "document": "documents/14160-mango-lick-childrens-story-wordless_a0qIIM0.pdf", "uploaded_at": "2017-11-20T03:42:11.409Z", "category": "Education"}}, {"model": "genius.book", "pk": 5, "fields": {"title": "Arya in the Cockpit \u2013 Early Grade Non-fiction", "description": "Arya in the cockpit \u2013 a fact based children\u2019s story tells of a little girl\u2019s dream to be a pilot. Along the way we meet many figures from women\u2019s history in aviation and find out about their achievements. An inspiring Level two story brought to us by Pratham children\u2019s books and Storyweaver.", "cover": "cover-photos/Book1_FWxICRh.png", "level": 3, "author": "Nandita Jayaraj Illustrator: Upamanyu Bhattacharyya", "document": "documents/12180-arya-in-the-cockpit_PRCG0rm.pdf", "uploaded_at": "2017-11-20T03:43:02.951Z", "category": "Education"}}, {"model": "genius.book", "pk": 6, "fields": {"title": "Counting Three Birds", "description": "Addition ebook for children", "cover": "cover-photos/Screen_Shot_2017-11-05_at_8.55.41_PM_p3jyjFG.png", "level": 1, "author": "anonymity", "document": "documents/addition-with-pictures-1_GVJ8nJE.pdf", "uploaded_at": "2017-11-20T03:43:48.415Z", "category": "Math"}}, {"model": "genius.image", "pk": 1, "fields": {"name": "ant", "picture": "image-matching/ant.png"}}, {"model": "genius.image", "pk": 2, "fields": {"name": "bee", "picture": "image-matching/bee.png"}}, {"model": "genius.image", "pk": 3, "fields": {"name": "pig", "picture": "image-matching/pig.png"}}, {"model": "genius.image", "pk": 4, "fields": {"name": "cow", "picture": "image-matching/cow.png"}}, {"model": "genius.image", "pk": 5, "fields": {"name": "dog", "picture": "image-matching/dog.png"}}, {"model": "genius.image", "pk": 6, "fields": {"name": "elephant", "picture": "image-matching/elephant.png"}}, {"model": "genius.image", "pk": 7, "fields": {"name": "giraffe", "picture": "image-matching/giraffe.png"}}, {"model": "genius.image", "pk": 8, "fields": {"name": "lion", "picture": "image-matching/lion.png"}}, {"model": "genius.image", "pk": 9, "fields": {"name": "mouse", "picture": "image-matching/mouse.jpg"}}, {"model": "genius.image", "pk": 10, "fields": {"name": "penguin", "picture": "image-matching/penguin.jpg"}}, {"model": "genius.image", "pk": 11, "fields": {"name": "sheep", "picture": "image-matching/sheep.jpg"}}, {"model": "genius.image", "pk": 12, "fields": {"name": "snake", "picture": "image-matching/snake.jpg"}}, {"model": "auth.permission", "pk": 1, "fields": {"name": "Can add log entry", "content_type": 1, "codename": "add_logentry"}}, {"model": "auth.permission", "pk": 2, "fields": {"name": "Can change log entry", "content_type": 1, "codename": "change_logentry"}}, {"model": "auth.permission", "pk": 3, "fields": {"name": "Can delete log entry", "content_type": 1, "codename": "delete_logentry"}}, {"model": "auth.permission", "pk": 4, "fields": {"name": "Can add group", "content_type": 2, "codename": "add_group"}}, {"model": "auth.permission", "pk": 5, "fields": {"name": "Can change group", "content_type": 2, "codename": "change_group"}}, {"model": "auth.permission", "pk": 6, "fields": {"name": "Can delete group", "content_type": 2, "codename": "delete_group"}}, {"model": "auth.permission", "pk": 7, "fields": {"name": "Can add permission", "content_type": 3, "codename": "add_permission"}}, {"model": "auth.permission", "pk": 8, "fields": {"name": "Can change permission", "content_type": 3, "codename": "change_permission"}}, {"model": "auth.permission", "pk": 9, "fields": {"name": "Can delete permission", "content_type": 3, "codename": "delete_permission"}}, {"model": "auth.permission", "pk": 10, "fields": {"name": "Can add user", "content_type": 4, "codename": "add_user"}}, {"model": "auth.permission", "pk": 11, "fields": {"name": "Can change user", "content_type": 4, "codename": "change_user"}}, {"model": "auth.permission", "pk": 12, "fields": {"name": "Can delete user", "content_type": 4, "codename": "delete_user"}}, {"model": "auth.permission", "pk": 13, "fields": {"name": "Can add content type", "content_type": 5, "codename": "add_contenttype"}}, {"model": "auth.permission", "pk": 14, "fields": {"name": "Can change content type", "content_type": 5, "codename": "change_contenttype"}}, {"model": "auth.permission", "pk": 15, "fields": {"name": "Can delete content type", "content_type": 5, "codename": "delete_contenttype"}}, {"model": "auth.permission", "pk": 16, "fields": {"name": "Can add session", "content_type": 6, "codename": "add_session"}}, {"model": "auth.permission", "pk": 17, "fields": {"name": "Can change session", "content_type": 6, "codename": "change_session"}}, {"model": "auth.permission", "pk": 18, "fields": {"name": "Can delete session", "content_type": 6, "codename": "delete_session"}}, {"model": "auth.permission", "pk": 19, "fields": {"name": "Can add profile", "content_type": 7, "codename": "add_profile"}}, {"model": "auth.permission", "pk": 20, "fields": {"name": "Can change profile", "content_type": 7, "codename": "change_profile"}}, {"model": "auth.permission", "pk": 21, "fields": {"name": "Can delete profile", "content_type": 7, "codename": "delete_profile"}}, {"model": "auth.permission", "pk": 22, "fields": {"name": "Can add question", "content_type": 8, "codename": "add_question"}}, {"model": "auth.permission", "pk": 23, "fields": {"name": "Can change question", "content_type": 8, "codename": "change_question"}}, {"model": "auth.permission", "pk": 24, "fields": {"name": "Can delete question", "content_type": 8, "codename": "delete_question"}}, {"model": "auth.permission", "pk": 25, "fields": {"name": "Can add add substraction score", "content_type": 9, "codename": "add_addsubstractionscore"}}, {"model": "auth.permission", "pk": 26, "fields": {"name": "Can change add substraction score", "content_type": 9, "codename": "change_addsubstractionscore"}}, {"model": "auth.permission", "pk": 27, "fields": {"name": "Can delete add substraction score", "content_type": 9, "codename": "delete_addsubstractionscore"}}, {"model": "auth.permission", "pk": 28, "fields": {"name": "Can add math game", "content_type": 10, "codename": "add_mathgame"}}, {"model": "auth.permission", "pk": 29, "fields": {"name": "Can change math game", "content_type": 10, "codename": "change_mathgame"}}, {"model": "auth.permission", "pk": 30, "fields": {"name": "Can delete math game", "content_type": 10, "codename": "delete_mathgame"}}, {"model": "auth.permission", "pk": 31, "fields": {"name": "Can add book", "content_type": 11, "codename": "add_book"}}, {"model": "auth.permission", "pk": 32, "fields": {"name": "Can change book", "content_type": 11, "codename": "change_book"}}, {"model": "auth.permission", "pk": 33, "fields": {"name": "Can delete book", "content_type": 11, "codename": "delete_book"}}, {"model": "auth.permission", "pk": 34, "fields": {"name": "Can add image matching score", "content_type": 12, "codename": "add_imagematchingscore"}}, {"model": "auth.permission", "pk": 35, "fields": {"name": "Can change image matching score", "content_type": 12, "codename": "change_imagematchingscore"}}, {"model": "auth.permission", "pk": 36, "fields": {"name": "Can delete image matching score", "content_type": 12, "codename": "delete_imagematchingscore"}}, {"model": "auth.permission", "pk": 37, "fields": {"name": "Can add image", "content_type": 13, "codename": "add_image"}}, {"model": "auth.permission", "pk": 38, "fields": {"name": "Can change image", "content_type": 13, "codename": "change_image"}}, {"model": "auth.permission", "pk": 39, "fields": {"name": "Can delete image", "content_type": 13, "codename": "delete_image"}}, {"model": "auth.permission", "pk": 40, "fields": {"name": "Can add word snake game", "content_type": 14, "codename": "add_wordsnakegame"}}, {"model": "auth.permission", "pk": 41, "fields": {"name": "Can change word snake game", "content_type": 14, "codename": "change_wordsnakegame"}}, {"model": "auth.permission", "pk": 42, "fields": {"name": "Can delete word snake game", "content_type": 14, "codename": "delete_wordsnakegame"}}, {"model": "auth.permission", "pk": 43, "fields": {"name": "Can add word complete review", "content_type": 15, "codename": "add_wordcompletereview"}}, {"model": "auth.permission", "pk": 44, "fields": {"name": "Can change word complete review", "content_type": 15, "codename": "change_wordcompletereview"}}, {"model": "auth.permission", "pk": 45, "fields": {"name": "Can delete word complete review", "content_type": 15, "codename": "delete_wordcompletereview"}}, {"model": "auth.permission", "pk": 46, "fields": {"name": "Can add video", "content_type": 16, "codename": "add_video"}}, {"model": "auth.permission", "pk": 47, "fields": {"name": "Can change video", "content_type": 16, "codename": "change_video"}}, {"model": "auth.permission", "pk": 48, "fields": {"name": "Can delete video", "content_type": 16, "codename": "delete_video"}}, {"model": "auth.user", "pk": 1, "fields": {"password": "pbkdf2_sha256$36000$MjWdWeUlBN0j$V1YhtNuSB5TjwBCO3fkzbtndUwVu8Fp0mdRKJXaM0iU=", "last_login": "2017-11-20T03:27:47.539Z", "is_superuser": false, "username": "wangzheng1", "first_name": "123", "last_name": "123", "email": "982902096@qq.com", "is_staff": false, "is_active": true, "date_joined": "2017-11-20T00:17:01.454Z", "groups": [], "user_permissions": []}}, {"model": "genius.profile", "pk": 1, "fields": {"age": 0, "bio": "", "picture": "profile-photos/1.jpeg"}}, {"model": "genius.addsubstractionscore", "pk": 1, "fields": {"user": 1, "time": "00:30:48.323", "date": "2017-11-20", "score": 0}}, {"model": "genius.mathgame", "pk": 1, "fields": {"user": 1, "time": "00:30:45.014", "date": "2017-11-20", "score": 0, "questions": [33, 34, 36, 37, 38, 42, 43, 44, 45, 47]}}, {"model": "genius.imagematchingscore", "pk": 1, "fields": {"user": 1, "time": "00:33:05.875", "date": "2017-11-20", "score": 0}}, {"model": "genius.imagematchingscore", "pk": 2, "fields": {"user": 1, "time": "00:44:27.390", "date": "2017-11-20", "score": 90}}, {"model": "genius.imagematchingscore", "pk": 3, "fields": {"user": 1, "time": "03:30:14.029", "date": "2017-11-20", "score": 10}}, {"model": "genius.imagematchingscore", "pk": 4, "fields": {"user": 1, "time": "03:47:29.583", "date": "2017-11-20", "score": 10}}, {"model": "genius.wordsnakegame", "pk": 1, "fields": {"user": 1, "time": "00:17:30.505", "date": "2017-11-20", "score": 0}}, {"model": "genius.wordsnakegame", "pk": 2, "fields": {"user": 1, "time": "00:18:16.789", "date": "2017-11-20", "score": 3}}, {"model": "genius.wordsnakegame", "pk": 3, "fields": {"user": 1, "time": "03:28:13.559", "date": "2017-11-20", "score": 9}}, {"model": "genius.wordcompletereview", "pk": 1, "fields": {"user": 1, "words": "tea", "definition": "a beverage made by steeping tea leaves in water"}}, {"model": "genius.wordcompletereview", "pk": 2, "fields": {"user": 1, "words": "line", "definition": "a formation of people or things one beside another"}}]
